"name","archive_url","stars"
"xsiruse/DJ_m2m","https://api.github.com/repos/xsiruse/DJ_m2m/{archive_format}{/ref}","0"
"ademahmudf/cactus","https://api.github.com/repos/ademahmudf/cactus/{archive_format}{/ref}","0"
"gedankenstuecke/qf-dashboard","https://api.github.com/repos/gedankenstuecke/qf-dashboard/{archive_format}{/ref}","0"
"jay-dimock/spotification","https://api.github.com/repos/jay-dimock/spotification/{archive_format}{/ref}","0"
"luis705/password-manager","https://api.github.com/repos/luis705/password-manager/{archive_format}{/ref}","0"
"PilYeooong/django_Vuejeju","https://api.github.com/repos/PilYeooong/django_Vuejeju/{archive_format}{/ref}","0"
"decadevs/decagoncentral-CoderHal","https://api.github.com/repos/decadevs/decagoncentral-CoderHal/{archive_format}{/ref}","0"
"Shamba-gpu/dj-10-8","https://api.github.com/repos/Shamba-gpu/dj-10-8/{archive_format}{/ref}","0"
"chenbensong/nd081","https://api.github.com/repos/chenbensong/nd081/{archive_format}{/ref}","0"
"venetahar/iso-privacy-tee-he","https://api.github.com/repos/venetahar/iso-privacy-tee-he/{archive_format}{/ref}","0"
"handgun50/selenium-adrian","https://api.github.com/repos/handgun50/selenium-adrian/{archive_format}{/ref}","0"
"kerkeslager/boring-blog","https://api.github.com/repos/kerkeslager/boring-blog/{archive_format}{/ref}","0"
"nextic/ANTEA","https://api.github.com/repos/nextic/ANTEA/{archive_format}{/ref}","0"
"sihaysistema/cambiare-gtq","https://api.github.com/repos/sihaysistema/cambiare-gtq/{archive_format}{/ref}","0"
"Jordan-Davidson/recipe-box","https://api.github.com/repos/Jordan-Davidson/recipe-box/{archive_format}{/ref}","0"
"Dakota-Peel/LedFx","https://api.github.com/repos/Dakota-Peel/LedFx/{archive_format}{/ref}","0"
"Netnom/Buku","https://api.github.com/repos/Netnom/Buku/{archive_format}{/ref}","0"
"krast-napoli/shelter","https://api.github.com/repos/krast-napoli/shelter/{archive_format}{/ref}","0"
"anandbonde/cows_and_bulls","https://api.github.com/repos/anandbonde/cows_and_bulls/{archive_format}{/ref}","0"
"gttarun/dogfinder","https://api.github.com/repos/gttarun/dogfinder/{archive_format}{/ref}","0"
"NecrOctopuS/real_estate_agency","https://api.github.com/repos/NecrOctopuS/real_estate_agency/{archive_format}{/ref}","0"
"Konstantinov-Innokentii/ideal-sniffle","https://api.github.com/repos/Konstantinov-Innokentii/ideal-sniffle/{archive_format}{/ref}","0"
"NinjaAung/BackwardsPoetry","https://api.github.com/repos/NinjaAung/BackwardsPoetry/{archive_format}{/ref}","0"
"fkdfkdfk5/drf_quiz_0","https://api.github.com/repos/fkdfkdfk5/drf_quiz_0/{archive_format}{/ref}","0"
"Basler5/statour","https://api.github.com/repos/Basler5/statour/{archive_format}{/ref}","0"
"Andkleven/skjema","https://api.github.com/repos/Andkleven/skjema/{archive_format}{/ref}","0"
"YNotPrimo/Todo","https://api.github.com/repos/YNotPrimo/Todo/{archive_format}{/ref}","0"
"ijuliie/recipes-backend","https://api.github.com/repos/ijuliie/recipes-backend/{archive_format}{/ref}","0"
"suraj-shakya/Contacts","https://api.github.com/repos/suraj-shakya/Contacts/{archive_format}{/ref}","0"
"kosuke00/anagram","https://api.github.com/repos/kosuke00/anagram/{archive_format}{/ref}","0"
"Durgarao310/mysiteblog","https://api.github.com/repos/Durgarao310/mysiteblog/{archive_format}{/ref}","0"
"pawlaczyk/film_app","https://api.github.com/repos/pawlaczyk/film_app/{archive_format}{/ref}","0"
"sujay-sharma/polling_website","https://api.github.com/repos/sujay-sharma/polling_website/{archive_format}{/ref}","0"
"maruuuui/progress_bar","https://api.github.com/repos/maruuuui/progress_bar/{archive_format}{/ref}","0"
"LSYSmallFish/myblog","https://api.github.com/repos/LSYSmallFish/myblog/{archive_format}{/ref}","0"
"tones7778/mdn-django-tutorial","https://api.github.com/repos/tones7778/mdn-django-tutorial/{archive_format}{/ref}","0"
"jnrdrgz/Django_ProdeAdmin","https://api.github.com/repos/jnrdrgz/Django_ProdeAdmin/{archive_format}{/ref}","0"
"nathanjudely/my-first-blog","https://api.github.com/repos/nathanjudely/my-first-blog/{archive_format}{/ref}","0"
"kushal-r/wall-e","https://api.github.com/repos/kushal-r/wall-e/{archive_format}{/ref}","0"
"ThakurHitesh/e_commerce","https://api.github.com/repos/ThakurHitesh/e_commerce/{archive_format}{/ref}","0"
"Tuanpm31/intercom-mattermost","https://api.github.com/repos/Tuanpm31/intercom-mattermost/{archive_format}{/ref}","0"
"katastreet/django-test-backend","https://api.github.com/repos/katastreet/django-test-backend/{archive_format}{/ref}","0"
"mubeenellahi1/django-sample","https://api.github.com/repos/mubeenellahi1/django-sample/{archive_format}{/ref}","0"
"LucasBarletta/Back-Reciclagem","https://api.github.com/repos/LucasBarletta/Back-Reciclagem/{archive_format}{/ref}","0"
"Melanchol1c/grapene-backend","https://api.github.com/repos/Melanchol1c/grapene-backend/{archive_format}{/ref}","0"
"Kovarniy/project","https://api.github.com/repos/Kovarniy/project/{archive_format}{/ref}","0"
"chepel-vn/homework_django_requests","https://api.github.com/repos/chepel-vn/homework_django_requests/{archive_format}{/ref}","0"
"vintkor/test_app_drf","https://api.github.com/repos/vintkor/test_app_drf/{archive_format}{/ref}","0"
"PabloCerGlez/api02","https://api.github.com/repos/PabloCerGlez/api02/{archive_format}{/ref}","0"
"sadqwdsa/int20h_test","https://api.github.com/repos/sadqwdsa/int20h_test/{archive_format}{/ref}","0"
"blackysy/django-restframework","https://api.github.com/repos/blackysy/django-restframework/{archive_format}{/ref}","0"
"villamormjd/python-react","https://api.github.com/repos/villamormjd/python-react/{archive_format}{/ref}","0"
"blekou/pullowmart","https://api.github.com/repos/blekou/pullowmart/{archive_format}{/ref}","0"
"KangHillary/baratel-rest-api","https://api.github.com/repos/KangHillary/baratel-rest-api/{archive_format}{/ref}","0"
"dbarnes87/habittracker","https://api.github.com/repos/dbarnes87/habittracker/{archive_format}{/ref}","0"
"FatimaTasnim/Pneumothorax-Detection-WebAPP","https://api.github.com/repos/FatimaTasnim/Pneumothorax-Detection-WebAPP/{archive_format}{/ref}","0"
"momentum-cohort-2019-09/w7-django-notes-app-agizzi","https://api.github.com/repos/momentum-cohort-2019-09/w7-django-notes-app-agizzi/{archive_format}{/ref}","0"
"kiyoungp/kiyoungp-backend","https://api.github.com/repos/kiyoungp/kiyoungp-backend/{archive_format}{/ref}","0"
"FrezeSteve/crm","https://api.github.com/repos/FrezeSteve/crm/{archive_format}{/ref}","0"
"Pragmatique/simple-news-site","https://api.github.com/repos/Pragmatique/simple-news-site/{archive_format}{/ref}","0"
"julesc00/profiles-rest-api","https://api.github.com/repos/julesc00/profiles-rest-api/{archive_format}{/ref}","0"
"sheldon18/trackit","https://api.github.com/repos/sheldon18/trackit/{archive_format}{/ref}","0"
"off-grid-block/vote-app","https://api.github.com/repos/off-grid-block/vote-app/{archive_format}{/ref}","0"
"infinityliu/liu","https://api.github.com/repos/infinityliu/liu/{archive_format}{/ref}","0"
"jeffwsoares/jenkins-todo-list","https://api.github.com/repos/jeffwsoares/jenkins-todo-list/{archive_format}{/ref}","0"
"tortueTortue/SoniaWebAppBE","https://api.github.com/repos/tortueTortue/SoniaWebAppBE/{archive_format}{/ref}","0"
"giftbalogun/djangop","https://api.github.com/repos/giftbalogun/djangop/{archive_format}{/ref}","0"
"DavidYopp/django_and_react_app","https://api.github.com/repos/DavidYopp/django_and_react_app/{archive_format}{/ref}","0"
"ismajilv/test","https://api.github.com/repos/ismajilv/test/{archive_format}{/ref}","0"
"AlexandreMoray/SysHealth","https://api.github.com/repos/AlexandreMoray/SysHealth/{archive_format}{/ref}","0"
"levinsamuel/boisbot","https://api.github.com/repos/levinsamuel/boisbot/{archive_format}{/ref}","0"
"GoelBiju/lab","https://api.github.com/repos/GoelBiju/lab/{archive_format}{/ref}","0"
"leonardolnovaes/TestInpe","https://api.github.com/repos/leonardolnovaes/TestInpe/{archive_format}{/ref}","0"
"cosmoBots/cosmosys_rm_plugin_old","https://api.github.com/repos/cosmoBots/cosmosys_rm_plugin_old/{archive_format}{/ref}","0"
"Awsyaseen76/whatsonmena_project","https://api.github.com/repos/Awsyaseen76/whatsonmena_project/{archive_format}{/ref}","0"
"mortykun/mesh_sim","https://api.github.com/repos/mortykun/mesh_sim/{archive_format}{/ref}","0"
"eva-yanrong-chen/udacity-full-stack","https://api.github.com/repos/eva-yanrong-chen/udacity-full-stack/{archive_format}{/ref}","0"
"EnjoyAlexa/Lift-Up","https://api.github.com/repos/EnjoyAlexa/Lift-Up/{archive_format}{/ref}","0"
"daniloxxv/django-react-fullstack","https://api.github.com/repos/daniloxxv/django-react-fullstack/{archive_format}{/ref}","0"
"CRIMBOBJR/Auto_Robot","https://api.github.com/repos/CRIMBOBJR/Auto_Robot/{archive_format}{/ref}","0"
"mikaelgelinas/PresentationSystemeQuestionReponse","https://api.github.com/repos/mikaelgelinas/PresentationSystemeQuestionReponse/{archive_format}{/ref}","0"
"acoto/django_test","https://api.github.com/repos/acoto/django_test/{archive_format}{/ref}","0"
"hdtahay99/web-empresarial","https://api.github.com/repos/hdtahay99/web-empresarial/{archive_format}{/ref}","0"
"jithinlal1/facebook","https://api.github.com/repos/jithinlal1/facebook/{archive_format}{/ref}","0"
"rishabraina/profiles-rest-api","https://api.github.com/repos/rishabraina/profiles-rest-api/{archive_format}{/ref}","0"
"dj8yfo/tsarnavy","https://api.github.com/repos/dj8yfo/tsarnavy/{archive_format}{/ref}","0"
"nguyenl1/evening_class","https://api.github.com/repos/nguyenl1/evening_class/{archive_format}{/ref}","0"
"abybhamra/django_clients","https://api.github.com/repos/abybhamra/django_clients/{archive_format}{/ref}","0"
"Josephtobi/day16backend","https://api.github.com/repos/Josephtobi/day16backend/{archive_format}{/ref}","0"
"ovansa/profiles-rest-api","https://api.github.com/repos/ovansa/profiles-rest-api/{archive_format}{/ref}","0"
"vbudovski/django-tree-demo","https://api.github.com/repos/vbudovski/django-tree-demo/{archive_format}{/ref}","0"
"ahm3delhady/django3-personal-website","https://api.github.com/repos/ahm3delhady/django3-personal-website/{archive_format}{/ref}","0"
"Eduardo-Lucas/minhas-atividades","https://api.github.com/repos/Eduardo-Lucas/minhas-atividades/{archive_format}{/ref}","0"
"naeglinghaff/blog-python-django","https://api.github.com/repos/naeglinghaff/blog-python-django/{archive_format}{/ref}","0"
"ektshowa/mobile_apps","https://api.github.com/repos/ektshowa/mobile_apps/{archive_format}{/ref}","0"
"Shivamtarone1999/Django-News-App","https://api.github.com/repos/Shivamtarone1999/Django-News-App/{archive_format}{/ref}","0"
"madaramefarrell/DjangoREST","https://api.github.com/repos/madaramefarrell/DjangoREST/{archive_format}{/ref}","0"
"hassan9090/Todo","https://api.github.com/repos/hassan9090/Todo/{archive_format}{/ref}","0"
"bulelanimbali/cvat","https://api.github.com/repos/bulelanimbali/cvat/{archive_format}{/ref}","0"
"djaime93/QuestionTime","https://api.github.com/repos/djaime93/QuestionTime/{archive_format}{/ref}","0"
"saldrock/oko_api","https://api.github.com/repos/saldrock/oko_api/{archive_format}{/ref}","0"
"luizfelipers/profiles-rest-api","https://api.github.com/repos/luizfelipers/profiles-rest-api/{archive_format}{/ref}","0"
"guojy1314/forShare","https://api.github.com/repos/guojy1314/forShare/{archive_format}{/ref}","0"
"supatsaraporn/ubu-datascience-webapp","https://api.github.com/repos/supatsaraporn/ubu-datascience-webapp/{archive_format}{/ref}","0"
"AlexVito96/Section-111-Warehouse.py","https://api.github.com/repos/AlexVito96/Section-111-Warehouse.py/{archive_format}{/ref}","0"
"kngtz/rodentopia_backend","https://api.github.com/repos/kngtz/rodentopia_backend/{archive_format}{/ref}","0"
"yurixcode/Django-DRF","https://api.github.com/repos/yurixcode/Django-DRF/{archive_format}{/ref}","0"
"nicolasteodosio/megawatt_chlg","https://api.github.com/repos/nicolasteodosio/megawatt_chlg/{archive_format}{/ref}","0"
"tayllm/authorappreciation","https://api.github.com/repos/tayllm/authorappreciation/{archive_format}{/ref}","0"
"raisulru/go-games","https://api.github.com/repos/raisulru/go-games/{archive_format}{/ref}","0"
"szymon6927/netguru","https://api.github.com/repos/szymon6927/netguru/{archive_format}{/ref}","0"
"EUGINELETHAL/Djaopen-shift","https://api.github.com/repos/EUGINELETHAL/Djaopen-shift/{archive_format}{/ref}","0"
"jsdev63/django-auth","https://api.github.com/repos/jsdev63/django-auth/{archive_format}{/ref}","0"
"Nelson5501/example.io","https://api.github.com/repos/Nelson5501/example.io/{archive_format}{/ref}","0"
"meetzooler/practice","https://api.github.com/repos/meetzooler/practice/{archive_format}{/ref}","0"
"esaleeby/profiles-rest-api","https://api.github.com/repos/esaleeby/profiles-rest-api/{archive_format}{/ref}","0"
"orlhatundji/react-django-todo-app","https://api.github.com/repos/orlhatundji/react-django-todo-app/{archive_format}{/ref}","0"
"souparnabose99/profiles-rest-api","https://api.github.com/repos/souparnabose99/profiles-rest-api/{archive_format}{/ref}","0"
"Paulcappaert/django_starter","https://api.github.com/repos/Paulcappaert/django_starter/{archive_format}{/ref}","0"
"Asko-Dev/Artinii_Django_Webapp","https://api.github.com/repos/Asko-Dev/Artinii_Django_Webapp/{archive_format}{/ref}","0"
"Daglar/2020-dishes","https://api.github.com/repos/Daglar/2020-dishes/{archive_format}{/ref}","0"
"nickKearns/make-wiki","https://api.github.com/repos/nickKearns/make-wiki/{archive_format}{/ref}","0"
"JericHunter/makewiki","https://api.github.com/repos/JericHunter/makewiki/{archive_format}{/ref}","0"
"codemobtz/mishe","https://api.github.com/repos/codemobtz/mishe/{archive_format}{/ref}","0"
"robecilla/buckethours","https://api.github.com/repos/robecilla/buckethours/{archive_format}{/ref}","0"
"zhanghg7/Front-End","https://api.github.com/repos/zhanghg7/Front-End/{archive_format}{/ref}","0"
"deyniloy7/POCs","https://api.github.com/repos/deyniloy7/POCs/{archive_format}{/ref}","0"
"yeseul4072/vue_pjt2","https://api.github.com/repos/yeseul4072/vue_pjt2/{archive_format}{/ref}","0"
"what-digital/aldryn-locations","https://api.github.com/repos/what-digital/aldryn-locations/{archive_format}{/ref}","0"
"tedmdelacruz/wagtail-kit","https://api.github.com/repos/tedmdelacruz/wagtail-kit/{archive_format}{/ref}","0"
"samirtendulkar/Bollywood_Stars","https://api.github.com/repos/samirtendulkar/Bollywood_Stars/{archive_format}{/ref}","0"
"Munanga/WesternSelfieSite","https://api.github.com/repos/Munanga/WesternSelfieSite/{archive_format}{/ref}","0"
"mingmeng030/heroku","https://api.github.com/repos/mingmeng030/heroku/{archive_format}{/ref}","0"
"carpyncho/yeolde_carpyncho","https://api.github.com/repos/carpyncho/yeolde_carpyncho/{archive_format}{/ref}","0"
"reivhax/Not-Instagram","https://api.github.com/repos/reivhax/Not-Instagram/{archive_format}{/ref}","0"
"crowdbotics-apps/aizy-music-app-4395","https://api.github.com/repos/crowdbotics-apps/aizy-music-app-4395/{archive_format}{/ref}","0"
"krithikvaidya/analytics-system","https://api.github.com/repos/krithikvaidya/analytics-system/{archive_format}{/ref}","0"
"SalmanSaleem1/instagram","https://api.github.com/repos/SalmanSaleem1/instagram/{archive_format}{/ref}","0"
"reivhax/imageshare","https://api.github.com/repos/reivhax/imageshare/{archive_format}{/ref}","0"
"limelance/catfarmapi","https://api.github.com/repos/limelance/catfarmapi/{archive_format}{/ref}","0"
"alinemoreira1/projeto-heroku","https://api.github.com/repos/alinemoreira1/projeto-heroku/{archive_format}{/ref}","0"
"vitorh45/personal-blog","https://api.github.com/repos/vitorh45/personal-blog/{archive_format}{/ref}","0"
"rid47/ecommerce","https://api.github.com/repos/rid47/ecommerce/{archive_format}{/ref}","0"
"Priyanshusaxena2/github_users","https://api.github.com/repos/Priyanshusaxena2/github_users/{archive_format}{/ref}","0"
"mzaluska/igaming","https://api.github.com/repos/mzaluska/igaming/{archive_format}{/ref}","0"
"peterxie/Crank","https://api.github.com/repos/peterxie/Crank/{archive_format}{/ref}","0"
"uapa-team/subjects_info","https://api.github.com/repos/uapa-team/subjects_info/{archive_format}{/ref}","0"
"romitkarmakar/digitalfortress_backend","https://api.github.com/repos/romitkarmakar/digitalfortress_backend/{archive_format}{/ref}","0"
"ar600/django_poke","https://api.github.com/repos/ar600/django_poke/{archive_format}{/ref}","0"
"HyeeunMok/ez-polling","https://api.github.com/repos/HyeeunMok/ez-polling/{archive_format}{/ref}","0"
"findix-slackapp/slackapp-hello-world3","https://api.github.com/repos/findix-slackapp/slackapp-hello-world3/{archive_format}{/ref}","0"
"MeritEhab/BankingApp","https://api.github.com/repos/MeritEhab/BankingApp/{archive_format}{/ref}","0"
"camilacno/django_project_local","https://api.github.com/repos/camilacno/django_project_local/{archive_format}{/ref}","0"
"filipeximenes/drftests","https://api.github.com/repos/filipeximenes/drftests/{archive_format}{/ref}","0"
"PeterGrayCreative/django-api","https://api.github.com/repos/PeterGrayCreative/django-api/{archive_format}{/ref}","0"
"Vaibhav-Mittal/hello","https://api.github.com/repos/Vaibhav-Mittal/hello/{archive_format}{/ref}","0"
"BenLiyanage/GitStats","https://api.github.com/repos/BenLiyanage/GitStats/{archive_format}{/ref}","0"
"dyadgar/geodjango_test","https://api.github.com/repos/dyadgar/geodjango_test/{archive_format}{/ref}","0"
"thomasrosales/consultingRoom","https://api.github.com/repos/thomasrosales/consultingRoom/{archive_format}{/ref}","0"
"caobin0926/python_15","https://api.github.com/repos/caobin0926/python_15/{archive_format}{/ref}","0"
"bangalorebyte-cohort30-1912/Project-Finanacial-Management-","https://api.github.com/repos/bangalorebyte-cohort30-1912/Project-Finanacial-Management-/{archive_format}{/ref}","0"
"bot242/rey","https://api.github.com/repos/bot242/rey/{archive_format}{/ref}","0"
"aduuna/django-ussd","https://api.github.com/repos/aduuna/django-ussd/{archive_format}{/ref}","0"
"toddmckenzie/django-build","https://api.github.com/repos/toddmckenzie/django-build/{archive_format}{/ref}","0"
"mahmoudkamal0001/profiles-rest-api","https://api.github.com/repos/mahmoudkamal0001/profiles-rest-api/{archive_format}{/ref}","0"
"tricknac/aitcblog","https://api.github.com/repos/tricknac/aitcblog/{archive_format}{/ref}","0"
"souradeepta/PythonPractice","https://api.github.com/repos/souradeepta/PythonPractice/{archive_format}{/ref}","0"
"jonathantumulak/psa-workshop","https://api.github.com/repos/jonathantumulak/psa-workshop/{archive_format}{/ref}","0"
"DylanLacey/howkarmado","https://api.github.com/repos/DylanLacey/howkarmado/{archive_format}{/ref}","0"
"LuisMalave2001/AISJ-13","https://api.github.com/repos/LuisMalave2001/AISJ-13/{archive_format}{/ref}","0"
"ap-101/Salary_predictions","https://api.github.com/repos/ap-101/Salary_predictions/{archive_format}{/ref}","0"
"domdfcoding/py2latex","https://api.github.com/repos/domdfcoding/py2latex/{archive_format}{/ref}","0"
"bruce1408/pytorch_learning","https://api.github.com/repos/bruce1408/pytorch_learning/{archive_format}{/ref}","0"
"abhiandthetruth/Noteifier","https://api.github.com/repos/abhiandthetruth/Noteifier/{archive_format}{/ref}","0"
"seanyen/wstool","https://api.github.com/repos/seanyen/wstool/{archive_format}{/ref}","0"
"RobertWestbrook/Flask-TODO-app","https://api.github.com/repos/RobertWestbrook/Flask-TODO-app/{archive_format}{/ref}","0"
"tsuruo5388/bulletin-board-bot","https://api.github.com/repos/tsuruo5388/bulletin-board-bot/{archive_format}{/ref}","0"
"Hudson-HudyTech/daraja_mpesa_api","https://api.github.com/repos/Hudson-HudyTech/daraja_mpesa_api/{archive_format}{/ref}","0"
"maidul98/genetic-wheat-data-upload","https://api.github.com/repos/maidul98/genetic-wheat-data-upload/{archive_format}{/ref}","0"
"Soyluarda/falconCase","https://api.github.com/repos/Soyluarda/falconCase/{archive_format}{/ref}","0"
"huangjianixiong/django_learning","https://api.github.com/repos/huangjianixiong/django_learning/{archive_format}{/ref}","0"
"samuelpbowman/volhacks_sample_app","https://api.github.com/repos/samuelpbowman/volhacks_sample_app/{archive_format}{/ref}","0"
"israelwerther/IsraelEstoque","https://api.github.com/repos/israelwerther/IsraelEstoque/{archive_format}{/ref}","0"
"infant23/test_app","https://api.github.com/repos/infant23/test_app/{archive_format}{/ref}","0"
"hyunjunmn/Airbnb_CC","https://api.github.com/repos/hyunjunmn/Airbnb_CC/{archive_format}{/ref}","0"
"diamond-shine/elearning","https://api.github.com/repos/diamond-shine/elearning/{archive_format}{/ref}","0"
"RobSimons1/e-commerce","https://api.github.com/repos/RobSimons1/e-commerce/{archive_format}{/ref}","0"
"iAmKabiru/retailcalibrations","https://api.github.com/repos/iAmKabiru/retailcalibrations/{archive_format}{/ref}","0"
"HsuChihYao/lineRobot","https://api.github.com/repos/HsuChihYao/lineRobot/{archive_format}{/ref}","0"
"wilsonmacleod/django-react-template-wmacleod","https://api.github.com/repos/wilsonmacleod/django-react-template-wmacleod/{archive_format}{/ref}","0"
"GordonOtieno/darajaAPI","https://api.github.com/repos/GordonOtieno/darajaAPI/{archive_format}{/ref}","0"
"istefano82/brew_auth_service","https://api.github.com/repos/istefano82/brew_auth_service/{archive_format}{/ref}","0"
"saikumar457L/deploy_to_heroku","https://api.github.com/repos/saikumar457L/deploy_to_heroku/{archive_format}{/ref}","0"
"Bryan4real/neighbourhood-watch-backend","https://api.github.com/repos/Bryan4real/neighbourhood-watch-backend/{archive_format}{/ref}","0"
"the-vladman/tasks-api","https://api.github.com/repos/the-vladman/tasks-api/{archive_format}{/ref}","0"
"mikbuch/django_css","https://api.github.com/repos/mikbuch/django_css/{archive_format}{/ref}","0"
"allenchng123/testApps","https://api.github.com/repos/allenchng123/testApps/{archive_format}{/ref}","0"
"Belie06Loryn/HelpDesk","https://api.github.com/repos/Belie06Loryn/HelpDesk/{archive_format}{/ref}","0"
"mcgowlc/8-3-1-python-chat-app","https://api.github.com/repos/mcgowlc/8-3-1-python-chat-app/{archive_format}{/ref}","0"
"tuank60/demosessionheroku","https://api.github.com/repos/tuank60/demosessionheroku/{archive_format}{/ref}","0"
"CodecoolGlobal/django-project-team-4","https://api.github.com/repos/CodecoolGlobal/django-project-team-4/{archive_format}{/ref}","0"
"Rohan-cod/sch_webscr","https://api.github.com/repos/Rohan-cod/sch_webscr/{archive_format}{/ref}","0"
"2401566A/mystays_project","https://api.github.com/repos/2401566A/mystays_project/{archive_format}{/ref}","0"
"jamesryan-fil/profiles-rest-api","https://api.github.com/repos/jamesryan-fil/profiles-rest-api/{archive_format}{/ref}","0"
"DariaKalinichenko/yatube","https://api.github.com/repos/DariaKalinichenko/yatube/{archive_format}{/ref}","0"
"jolo-dev/aws-s3-python","https://api.github.com/repos/jolo-dev/aws-s3-python/{archive_format}{/ref}","0"
"VladislavBannikov/dj2.landing","https://api.github.com/repos/VladislavBannikov/dj2.landing/{archive_format}{/ref}","0"
"Collins33/Payment-Daraja","https://api.github.com/repos/Collins33/Payment-Daraja/{archive_format}{/ref}","0"
"ericssy/ride-sharing","https://api.github.com/repos/ericssy/ride-sharing/{archive_format}{/ref}","0"
"UW-Madison-DataScience/python-novice-gapminder-custom","https://api.github.com/repos/UW-Madison-DataScience/python-novice-gapminder-custom/{archive_format}{/ref}","0"
"cristianosantana/iris-scraping","https://api.github.com/repos/cristianosantana/iris-scraping/{archive_format}{/ref}","0"
"lordchuffnel/django_timetracker","https://api.github.com/repos/lordchuffnel/django_timetracker/{archive_format}{/ref}","0"
"StyleASD/angular_bazel_starter","https://api.github.com/repos/StyleASD/angular_bazel_starter/{archive_format}{/ref}","0"
"M3zon/Test1","https://api.github.com/repos/M3zon/Test1/{archive_format}{/ref}","0"
"talhaHavadar/CourseRegistration","https://api.github.com/repos/talhaHavadar/CourseRegistration/{archive_format}{/ref}","0"
"MasakiTanaka-9627/educationPJ","https://api.github.com/repos/MasakiTanaka-9627/educationPJ/{archive_format}{/ref}","0"
"sungyeonkwon/spinning","https://api.github.com/repos/sungyeonkwon/spinning/{archive_format}{/ref}","0"
"cenotapHe/Plateforme_Projet8","https://api.github.com/repos/cenotapHe/Plateforme_Projet8/{archive_format}{/ref}","0"
"PraneethKarnena/django-url-shortener","https://api.github.com/repos/PraneethKarnena/django-url-shortener/{archive_format}{/ref}","0"
"lokidess/Asgard","https://api.github.com/repos/lokidess/Asgard/{archive_format}{/ref}","0"
"wojdzi1607/testing_example","https://api.github.com/repos/wojdzi1607/testing_example/{archive_format}{/ref}","0"
"alamin-mahamud/everything","https://api.github.com/repos/alamin-mahamud/everything/{archive_format}{/ref}","0"
"KirinAnks/ariados","https://api.github.com/repos/KirinAnks/ariados/{archive_format}{/ref}","0"
"shenoy-anurag/courses-web-api","https://api.github.com/repos/shenoy-anurag/courses-web-api/{archive_format}{/ref}","0"
"shrey920/LoadBalancer","https://api.github.com/repos/shrey920/LoadBalancer/{archive_format}{/ref}","0"
"agam-99/DjangoApi","https://api.github.com/repos/agam-99/DjangoApi/{archive_format}{/ref}","0"
"nicktruel/ecommerce-1","https://api.github.com/repos/nicktruel/ecommerce-1/{archive_format}{/ref}","0"
"ryanrossiter/planttv","https://api.github.com/repos/ryanrossiter/planttv/{archive_format}{/ref}","0"
"nayan2000/Read-Receipts","https://api.github.com/repos/nayan2000/Read-Receipts/{archive_format}{/ref}","0"
"sixthshift/devocabulary","https://api.github.com/repos/sixthshift/devocabulary/{archive_format}{/ref}","0"
"seongpil0948/onlineshop","https://api.github.com/repos/seongpil0948/onlineshop/{archive_format}{/ref}","0"
"qkrwjdan/Dstagram","https://api.github.com/repos/qkrwjdan/Dstagram/{archive_format}{/ref}","0"
"mgopalsa/Trello-API","https://api.github.com/repos/mgopalsa/Trello-API/{archive_format}{/ref}","0"
"yourgirlcodes/Billboard-","https://api.github.com/repos/yourgirlcodes/Billboard-/{archive_format}{/ref}","0"
"ZuuZaa/munis_django_lessons","https://api.github.com/repos/ZuuZaa/munis_django_lessons/{archive_format}{/ref}","0"
"c4road/ca_challenge","https://api.github.com/repos/c4road/ca_challenge/{archive_format}{/ref}","0"
"rokambol/World-of-Fintess","https://api.github.com/repos/rokambol/World-of-Fintess/{archive_format}{/ref}","0"
"SRICKKY/Django_Blog","https://api.github.com/repos/SRICKKY/Django_Blog/{archive_format}{/ref}","0"
"SimiHack/djangoTime","https://api.github.com/repos/SimiHack/djangoTime/{archive_format}{/ref}","0"
"silanka007/django_practice","https://api.github.com/repos/silanka007/django_practice/{archive_format}{/ref}","0"
"jaspindersingh83/djorg-Django-GraphQL","https://api.github.com/repos/jaspindersingh83/djorg-Django-GraphQL/{archive_format}{/ref}","0"
"taeho0819/likelionProject","https://api.github.com/repos/taeho0819/likelionProject/{archive_format}{/ref}","0"
"bringbackthedog/dscPortal","https://api.github.com/repos/bringbackthedog/dscPortal/{archive_format}{/ref}","0"
"prastamaha/tasklist","https://api.github.com/repos/prastamaha/tasklist/{archive_format}{/ref}","0"
"Gjunghoon/gugutiger","https://api.github.com/repos/Gjunghoon/gugutiger/{archive_format}{/ref}","0"
"slimcheng3/django_wxapp","https://api.github.com/repos/slimcheng3/django_wxapp/{archive_format}{/ref}","0"
"illi-homz/skillfactory-D7-Gomza","https://api.github.com/repos/illi-homz/skillfactory-D7-Gomza/{archive_format}{/ref}","0"
"sahianmol1/profiles-rest-api","https://api.github.com/repos/sahianmol1/profiles-rest-api/{archive_format}{/ref}","0"
"lemur-cms/lemur-cms","https://api.github.com/repos/lemur-cms/lemur-cms/{archive_format}{/ref}","0"
"parkjihwanjay/60Decibel","https://api.github.com/repos/parkjihwanjay/60Decibel/{archive_format}{/ref}","0"
"cayceelee/acnh","https://api.github.com/repos/cayceelee/acnh/{archive_format}{/ref}","0"
"crowdbotics-apps/inspo-5093","https://api.github.com/repos/crowdbotics-apps/inspo-5093/{archive_format}{/ref}","0"
"abckristinaa/django-finance","https://api.github.com/repos/abckristinaa/django-finance/{archive_format}{/ref}","0"
"KirSerz/power_transformer_project","https://api.github.com/repos/KirSerz/power_transformer_project/{archive_format}{/ref}","0"
"andreasjost/ci-fullstack-hellodjango","https://api.github.com/repos/andreasjost/ci-fullstack-hellodjango/{archive_format}{/ref}","0"
"elshadaghazade/techacademy_subquery_task","https://api.github.com/repos/elshadaghazade/techacademy_subquery_task/{archive_format}{/ref}","0"
"daihoujai/MobSF","https://api.github.com/repos/daihoujai/MobSF/{archive_format}{/ref}","0"
"taherorhat/dirtyhandsGraphQl","https://api.github.com/repos/taherorhat/dirtyhandsGraphQl/{archive_format}{/ref}","0"
"PPinto22/watergenius-backend","https://api.github.com/repos/PPinto22/watergenius-backend/{archive_format}{/ref}","0"
"bsivanantham/TextMarkingWebapp","https://api.github.com/repos/bsivanantham/TextMarkingWebapp/{archive_format}{/ref}","0"
"he0119/smart-home","https://api.github.com/repos/he0119/smart-home/{archive_format}{/ref}","0"
"SBillion/restaurant-api","https://api.github.com/repos/SBillion/restaurant-api/{archive_format}{/ref}","0"
"ibelous/Simple-Task-Manager","https://api.github.com/repos/ibelous/Simple-Task-Manager/{archive_format}{/ref}","0"
"Ashik19aug/Open-Library","https://api.github.com/repos/Ashik19aug/Open-Library/{archive_format}{/ref}","0"
"mogak-python/Searchbot","https://api.github.com/repos/mogak-python/Searchbot/{archive_format}{/ref}","0"
"ewelinaszw/rozk-ad-jazdy-projekt-kck","https://api.github.com/repos/ewelinaszw/rozk-ad-jazdy-projekt-kck/{archive_format}{/ref}","0"
"donyu123/TestCode","https://api.github.com/repos/donyu123/TestCode/{archive_format}{/ref}","0"
"vilus/voice_communication_test_task","https://api.github.com/repos/vilus/voice_communication_test_task/{archive_format}{/ref}","0"
"aleksandernovikov/otus6","https://api.github.com/repos/aleksandernovikov/otus6/{archive_format}{/ref}","0"
"Naume-k/Neighborhood-Watch","https://api.github.com/repos/Naume-k/Neighborhood-Watch/{archive_format}{/ref}","0"
"mateusz-bozek/Podstawy_Django_WARSZTATY","https://api.github.com/repos/mateusz-bozek/Podstawy_Django_WARSZTATY/{archive_format}{/ref}","0"
"pavlopro/dj_ecommerce","https://api.github.com/repos/pavlopro/dj_ecommerce/{archive_format}{/ref}","0"
"houdabelefqih/cashcog-backend","https://api.github.com/repos/houdabelefqih/cashcog-backend/{archive_format}{/ref}","0"
"Asilinks/asilinks_backend","https://api.github.com/repos/Asilinks/asilinks_backend/{archive_format}{/ref}","0"
"al7262/DJANGO-LIVECODE","https://api.github.com/repos/al7262/DJANGO-LIVECODE/{archive_format}{/ref}","0"
"rumenkamenov/Simple_Todo_list","https://api.github.com/repos/rumenkamenov/Simple_Todo_list/{archive_format}{/ref}","0"
"Te-kito/todoproject","https://api.github.com/repos/Te-kito/todoproject/{archive_format}{/ref}","0"
"dev-ferrario/ClientMapper","https://api.github.com/repos/dev-ferrario/ClientMapper/{archive_format}{/ref}","0"
"chenxi545/xuexi_git","https://api.github.com/repos/chenxi545/xuexi_git/{archive_format}{/ref}","0"
"lakhanjindam/profiles-rest-api","https://api.github.com/repos/lakhanjindam/profiles-rest-api/{archive_format}{/ref}","0"
"leonelcasado/bitcoin","https://api.github.com/repos/leonelcasado/bitcoin/{archive_format}{/ref}","0"
"sheivin/rechub","https://api.github.com/repos/sheivin/rechub/{archive_format}{/ref}","0"
"Slamerz/h_data_and_you","https://api.github.com/repos/Slamerz/h_data_and_you/{archive_format}{/ref}","0"
"dorcasauma/django_celery_setup","https://api.github.com/repos/dorcasauma/django_celery_setup/{archive_format}{/ref}","0"
"TheLukeRussell/7-1-django-image-portfolio","https://api.github.com/repos/TheLukeRussell/7-1-django-image-portfolio/{archive_format}{/ref}","0"
"AsyncWave/strainer-credibility-analyzer","https://api.github.com/repos/AsyncWave/strainer-credibility-analyzer/{archive_format}{/ref}","0"
"a376714574/ceshi2","https://api.github.com/repos/a376714574/ceshi2/{archive_format}{/ref}","0"
"DanKirichok/OnYourTerms","https://api.github.com/repos/DanKirichok/OnYourTerms/{archive_format}{/ref}","0"
"AristideHerveMbassi/django_blog","https://api.github.com/repos/AristideHerveMbassi/django_blog/{archive_format}{/ref}","0"
"Alexis1001/RamaAlexis","https://api.github.com/repos/Alexis1001/RamaAlexis/{archive_format}{/ref}","0"
"epeenphrine/neetcode_rebuild","https://api.github.com/repos/epeenphrine/neetcode_rebuild/{archive_format}{/ref}","0"
"ulisesrau/embedded","https://api.github.com/repos/ulisesrau/embedded/{archive_format}{/ref}","0"
"Mr-Gus/iEarn","https://api.github.com/repos/Mr-Gus/iEarn/{archive_format}{/ref}","0"
"radek-h/vehicle-rent-app","https://api.github.com/repos/radek-h/vehicle-rent-app/{archive_format}{/ref}","0"
"MaiAnhBao/fbChatbot","https://api.github.com/repos/MaiAnhBao/fbChatbot/{archive_format}{/ref}","0"
"Tesseract98/Django-Cipher-Page","https://api.github.com/repos/Tesseract98/Django-Cipher-Page/{archive_format}{/ref}","0"
"mangowilliam/prorate","https://api.github.com/repos/mangowilliam/prorate/{archive_format}{/ref}","0"
"Poori19/sensehawkTerra","https://api.github.com/repos/Poori19/sensehawkTerra/{archive_format}{/ref}","0"
"davidbzhao/Portfolio","https://api.github.com/repos/davidbzhao/Portfolio/{archive_format}{/ref}","0"
"mkmaurya955/myweb","https://api.github.com/repos/mkmaurya955/myweb/{archive_format}{/ref}","0"
"tauttee/erpnext","https://api.github.com/repos/tauttee/erpnext/{archive_format}{/ref}","0"
"lovely0493/lazy-balancer","https://api.github.com/repos/lovely0493/lazy-balancer/{archive_format}{/ref}","0"
"thxogusrla/blog_project","https://api.github.com/repos/thxogusrla/blog_project/{archive_format}{/ref}","0"
"Pugletka/website-django","https://api.github.com/repos/Pugletka/website-django/{archive_format}{/ref}","0"
"sehughes/djangoREST","https://api.github.com/repos/sehughes/djangoREST/{archive_format}{/ref}","0"
"teymureyvaz/share_file","https://api.github.com/repos/teymureyvaz/share_file/{archive_format}{/ref}","0"
"daichihirota/zappa-django","https://api.github.com/repos/daichihirota/zappa-django/{archive_format}{/ref}","0"
"Davidasg180/django-chatbot","https://api.github.com/repos/Davidasg180/django-chatbot/{archive_format}{/ref}","0"
"momentum-cohort-2020-01/django-notes-app-bmiller3822","https://api.github.com/repos/momentum-cohort-2020-01/django-notes-app-bmiller3822/{archive_format}{/ref}","0"
"FZTeam/confession","https://api.github.com/repos/FZTeam/confession/{archive_format}{/ref}","0"
"chiriket/Instagram","https://api.github.com/repos/chiriket/Instagram/{archive_format}{/ref}","0"
"dheerajiiitv/Logbook_2","https://api.github.com/repos/dheerajiiitv/Logbook_2/{archive_format}{/ref}","0"
"yannickKuhar/DeepClusterWithConstructiveInduction","https://api.github.com/repos/yannickKuhar/DeepClusterWithConstructiveInduction/{archive_format}{/ref}","0"
"manh737/djangoexample","https://api.github.com/repos/manh737/djangoexample/{archive_format}{/ref}","0"
"customr/customrblog","https://api.github.com/repos/customr/customrblog/{archive_format}{/ref}","0"
"OpenUpSA/salga-barometer-api","https://api.github.com/repos/OpenUpSA/salga-barometer-api/{archive_format}{/ref}","0"
"chandchen/social-bookmark","https://api.github.com/repos/chandchen/social-bookmark/{archive_format}{/ref}","0"
"herodote2242/projet_8_pur_beurre","https://api.github.com/repos/herodote2242/projet_8_pur_beurre/{archive_format}{/ref}","0"
"0054/test-django-app-1","https://api.github.com/repos/0054/test-django-app-1/{archive_format}{/ref}","0"
"aa-tolmachev/LI_scoring","https://api.github.com/repos/aa-tolmachev/LI_scoring/{archive_format}{/ref}","0"
"jessamynsmith/django-stripe-example","https://api.github.com/repos/jessamynsmith/django-stripe-example/{archive_format}{/ref}","0"
"ach11/PlantingEra_Backend","https://api.github.com/repos/ach11/PlantingEra_Backend/{archive_format}{/ref}","0"
"Javed101/demo","https://api.github.com/repos/Javed101/demo/{archive_format}{/ref}","0"
"smehlhoff/django-api-template","https://api.github.com/repos/smehlhoff/django-api-template/{archive_format}{/ref}","0"
"benedictkioko/graphene-relays","https://api.github.com/repos/benedictkioko/graphene-relays/{archive_format}{/ref}","0"
"lp2-20172/farmacia-serve","https://api.github.com/repos/lp2-20172/farmacia-serve/{archive_format}{/ref}","0"
"rulezzzz08/kzcity","https://api.github.com/repos/rulezzzz08/kzcity/{archive_format}{/ref}","0"
"madden1706/madresearchden","https://api.github.com/repos/madden1706/madresearchden/{archive_format}{/ref}","0"
"Victoria-Hodder/modelProject","https://api.github.com/repos/Victoria-Hodder/modelProject/{archive_format}{/ref}","0"
"shezadaibara/HastyImages","https://api.github.com/repos/shezadaibara/HastyImages/{archive_format}{/ref}","0"
"jackffjj/JackBlog","https://api.github.com/repos/jackffjj/JackBlog/{archive_format}{/ref}","0"
"jmeier1963/bokehdemo","https://api.github.com/repos/jmeier1963/bokehdemo/{archive_format}{/ref}","0"
"ebrahimasifismail/pg","https://api.github.com/repos/ebrahimasifismail/pg/{archive_format}{/ref}","0"
"Juru-10/SSF","https://api.github.com/repos/Juru-10/SSF/{archive_format}{/ref}","0"
"Mrwyc/Ant-Design-Pro-Server-Python","https://api.github.com/repos/Mrwyc/Ant-Design-Pro-Server-Python/{archive_format}{/ref}","0"
"JNotelddim/sms_weather","https://api.github.com/repos/JNotelddim/sms_weather/{archive_format}{/ref}","0"
"Rebrina/project","https://api.github.com/repos/Rebrina/project/{archive_format}{/ref}","0"
"lerry0326/bk_exam","https://api.github.com/repos/lerry0326/bk_exam/{archive_format}{/ref}","0"
"TechAcademyBootcamp/12-week-01-day-turgutkerimli","https://api.github.com/repos/TechAcademyBootcamp/12-week-01-day-turgutkerimli/{archive_format}{/ref}","0"
"mediatrice8/Award","https://api.github.com/repos/mediatrice8/Award/{archive_format}{/ref}","0"
"Tomo-Horiuchi/Scraping","https://api.github.com/repos/Tomo-Horiuchi/Scraping/{archive_format}{/ref}","0"
"reikamoon/makewiki-v1","https://api.github.com/repos/reikamoon/makewiki-v1/{archive_format}{/ref}","0"
"phoiniks/chomeurDjango","https://api.github.com/repos/phoiniks/chomeurDjango/{archive_format}{/ref}","0"
"sendhello/test_graphql_api","https://api.github.com/repos/sendhello/test_graphql_api/{archive_format}{/ref}","0"
"marcobacelo/django-automotive-demands","https://api.github.com/repos/marcobacelo/django-automotive-demands/{archive_format}{/ref}","0"
"UrasDen/DenRam","https://api.github.com/repos/UrasDen/DenRam/{archive_format}{/ref}","0"
"rumatveev/cinema_tickets","https://api.github.com/repos/rumatveev/cinema_tickets/{archive_format}{/ref}","0"
"agorinenko/django-start","https://api.github.com/repos/agorinenko/django-start/{archive_format}{/ref}","0"
"SayedBhuyan/django_blog","https://api.github.com/repos/SayedBhuyan/django_blog/{archive_format}{/ref}","0"
"chethanpanchalingaiah/Online_Website","https://api.github.com/repos/chethanpanchalingaiah/Online_Website/{archive_format}{/ref}","0"
"johngaitho05/Django-REST-API","https://api.github.com/repos/johngaitho05/Django-REST-API/{archive_format}{/ref}","0"
"felipecr00/taller_integracion","https://api.github.com/repos/felipecr00/taller_integracion/{archive_format}{/ref}","0"
"baruna0330/Nightmanbo","https://api.github.com/repos/baruna0330/Nightmanbo/{archive_format}{/ref}","0"
"maryville-swdv-660-fa1-2019-2w/python-spaceman-api-assignment-wk2-ikapatrala1","https://api.github.com/repos/maryville-swdv-660-fa1-2019-2w/python-spaceman-api-assignment-wk2-ikapatrala1/{archive_format}{/ref}","0"
"edx/pytest-warnings-report","https://api.github.com/repos/edx/pytest-warnings-report/{archive_format}{/ref}","0"
"zamigaliyev/hello-world","https://api.github.com/repos/zamigaliyev/hello-world/{archive_format}{/ref}","0"
"sourabhsingh29/testrepo","https://api.github.com/repos/sourabhsingh29/testrepo/{archive_format}{/ref}","0"
"mowiwi/weather","https://api.github.com/repos/mowiwi/weather/{archive_format}{/ref}","0"
"Alexander35/ip_vlan_keeper","https://api.github.com/repos/Alexander35/ip_vlan_keeper/{archive_format}{/ref}","0"
"pmj9911/Django-Rest-Example","https://api.github.com/repos/pmj9911/Django-Rest-Example/{archive_format}{/ref}","0"
"alamgircsejnu/django-weather-app","https://api.github.com/repos/alamgircsejnu/django-weather-app/{archive_format}{/ref}","0"
"gitSagarPatil/craigslist_app","https://api.github.com/repos/gitSagarPatil/craigslist_app/{archive_format}{/ref}","0"
"zoewang322/InstaDemo20","https://api.github.com/repos/zoewang322/InstaDemo20/{archive_format}{/ref}","0"
"amrit94/useractivity","https://api.github.com/repos/amrit94/useractivity/{archive_format}{/ref}","0"
"t3llo/integradortaller2","https://api.github.com/repos/t3llo/integradortaller2/{archive_format}{/ref}","0"
"EugeneTorap/data-generation-for-olap","https://api.github.com/repos/EugeneTorap/data-generation-for-olap/{archive_format}{/ref}","0"
"kazuyoshi-tech/drf-vue-sample","https://api.github.com/repos/kazuyoshi-tech/drf-vue-sample/{archive_format}{/ref}","0"
"robertowest/lubre_rrhh","https://api.github.com/repos/robertowest/lubre_rrhh/{archive_format}{/ref}","0"
"lostcatbox/cbv_prac","https://api.github.com/repos/lostcatbox/cbv_prac/{archive_format}{/ref}","0"
"RahulRobertMitra/blog_rrmitra","https://api.github.com/repos/RahulRobertMitra/blog_rrmitra/{archive_format}{/ref}","0"
"MichaelPGudz/django-social-site","https://api.github.com/repos/MichaelPGudz/django-social-site/{archive_format}{/ref}","0"
"hsghori/playlist_generator","https://api.github.com/repos/hsghori/playlist_generator/{archive_format}{/ref}","0"
"GolamMullick/Wizdoor_2","https://api.github.com/repos/GolamMullick/Wizdoor_2/{archive_format}{/ref}","0"
"WutthichaiTGM/docker2020","https://api.github.com/repos/WutthichaiTGM/docker2020/{archive_format}{/ref}","0"
"Dariashariko1990/django-hw3","https://api.github.com/repos/Dariashariko1990/django-hw3/{archive_format}{/ref}","0"
"durgaprasad9490150379/SamAPI","https://api.github.com/repos/durgaprasad9490150379/SamAPI/{archive_format}{/ref}","0"
"EarthModule/UniverseDjangoTutorial","https://api.github.com/repos/EarthModule/UniverseDjangoTutorial/{archive_format}{/ref}","0"
"javiermms/makewiki","https://api.github.com/repos/javiermms/makewiki/{archive_format}{/ref}","0"
"manelclos/pygrn_todos","https://api.github.com/repos/manelclos/pygrn_todos/{archive_format}{/ref}","0"
"boboprofessor123/xiuyun_gift","https://api.github.com/repos/boboprofessor123/xiuyun_gift/{archive_format}{/ref}","0"
"prashg008/winchester","https://api.github.com/repos/prashg008/winchester/{archive_format}{/ref}","0"
"alishia/udacity","https://api.github.com/repos/alishia/udacity/{archive_format}{/ref}","0"
"joeybose/HyperbolicNF","https://api.github.com/repos/joeybose/HyperbolicNF/{archive_format}{/ref}","0"
"momentum-cohort-2019-05/w5-freeshelf-danielecalderon","https://api.github.com/repos/momentum-cohort-2019-05/w5-freeshelf-danielecalderon/{archive_format}{/ref}","0"
"DiganmeGiovanni/PyDocker","https://api.github.com/repos/DiganmeGiovanni/PyDocker/{archive_format}{/ref}","0"
"patspeiser/pillar_gh","https://api.github.com/repos/patspeiser/pillar_gh/{archive_format}{/ref}","0"
"danielortizarenas1007698114/django2","https://api.github.com/repos/danielortizarenas1007698114/django2/{archive_format}{/ref}","0"
"crowdbotics-apps/servis_backend-3759","https://api.github.com/repos/crowdbotics-apps/servis_backend-3759/{archive_format}{/ref}","0"
"GordeykoVlad/Recruitme","https://api.github.com/repos/GordeykoVlad/Recruitme/{archive_format}{/ref}","0"
"Ephraim-Kamau/Feedback","https://api.github.com/repos/Ephraim-Kamau/Feedback/{archive_format}{/ref}","0"
"cmput401-fall2018/web-app-ci-cd-with-travis-ci-amalik2","https://api.github.com/repos/cmput401-fall2018/web-app-ci-cd-with-travis-ci-amalik2/{archive_format}{/ref}","0"
"rogerloh0/djangoPortfolio","https://api.github.com/repos/rogerloh0/djangoPortfolio/{archive_format}{/ref}","0"
"sabahjones/pythonDjangoExam","https://api.github.com/repos/sabahjones/pythonDjangoExam/{archive_format}{/ref}","0"
"lenacoudeville/groceriesForMyEvents","https://api.github.com/repos/lenacoudeville/groceriesForMyEvents/{archive_format}{/ref}","0"
"LABranagan/bible_com","https://api.github.com/repos/LABranagan/bible_com/{archive_format}{/ref}","0"
"NoChickens/zeroOneTwo","https://api.github.com/repos/NoChickens/zeroOneTwo/{archive_format}{/ref}","0"
"DavidEngelman/TL-Generator","https://api.github.com/repos/DavidEngelman/TL-Generator/{archive_format}{/ref}","0"
"glechic/task_manager","https://api.github.com/repos/glechic/task_manager/{archive_format}{/ref}","0"
"crowdbotics-apps/lets-build-an-app-1047","https://api.github.com/repos/crowdbotics-apps/lets-build-an-app-1047/{archive_format}{/ref}","0"
"krnr/rugbystat_v2","https://api.github.com/repos/krnr/rugbystat_v2/{archive_format}{/ref}","0"
"crowdbotics-apps/wallet-4654","https://api.github.com/repos/crowdbotics-apps/wallet-4654/{archive_format}{/ref}","0"
"Holly0720/House-sales-price-prediction","https://api.github.com/repos/Holly0720/House-sales-price-prediction/{archive_format}{/ref}","0"
"niasand/experiment_code","https://api.github.com/repos/niasand/experiment_code/{archive_format}{/ref}","0"
"Jwing6872/hacknow","https://api.github.com/repos/Jwing6872/hacknow/{archive_format}{/ref}","0"
"ryansreenivasam/tictactoe","https://api.github.com/repos/ryansreenivasam/tictactoe/{archive_format}{/ref}","0"
"ledriod/oppia","https://api.github.com/repos/ledriod/oppia/{archive_format}{/ref}","0"
"sybrex/logbook","https://api.github.com/repos/sybrex/logbook/{archive_format}{/ref}","0"
"xcixor/rest_framework_api_template","https://api.github.com/repos/xcixor/rest_framework_api_template/{archive_format}{/ref}","0"
"vlad-kraf/django_poll_app","https://api.github.com/repos/vlad-kraf/django_poll_app/{archive_format}{/ref}","0"
"shidenko97/gcg_trust_test","https://api.github.com/repos/shidenko97/gcg_trust_test/{archive_format}{/ref}","0"
"robsonfx/datacovid19ap","https://api.github.com/repos/robsonfx/datacovid19ap/{archive_format}{/ref}","0"
"Omkarkukiyan/taxi_project","https://api.github.com/repos/Omkarkukiyan/taxi_project/{archive_format}{/ref}","0"
"andreymoyseev/develops-today-test","https://api.github.com/repos/andreymoyseev/develops-today-test/{archive_format}{/ref}","0"
"pauloestrella1994/crud-project-django","https://api.github.com/repos/pauloestrella1994/crud-project-django/{archive_format}{/ref}","0"
"rikesh1212/onlineshop","https://api.github.com/repos/rikesh1212/onlineshop/{archive_format}{/ref}","0"
"miseriae/django-boilerplate","https://api.github.com/repos/miseriae/django-boilerplate/{archive_format}{/ref}","0"
"Sunip88/SchoolReg_api","https://api.github.com/repos/Sunip88/SchoolReg_api/{archive_format}{/ref}","0"
"sumukhah/zulip","https://api.github.com/repos/sumukhah/zulip/{archive_format}{/ref}","0"
"Jiparavich/Tarea-2--TI","https://api.github.com/repos/Jiparavich/Tarea-2--TI/{archive_format}{/ref}","0"
"Dariashariko1990/test","https://api.github.com/repos/Dariashariko1990/test/{archive_format}{/ref}","0"
"yutz9836/lineBotGit","https://api.github.com/repos/yutz9836/lineBotGit/{archive_format}{/ref}","0"
"Robson-Leonardo/UltimaAC","https://api.github.com/repos/Robson-Leonardo/UltimaAC/{archive_format}{/ref}","0"
"Dapprima/admin-crm-api","https://api.github.com/repos/Dapprima/admin-crm-api/{archive_format}{/ref}","0"
"Hogwarts250/family_messages","https://api.github.com/repos/Hogwarts250/family_messages/{archive_format}{/ref}","0"
"BorissowT/JazzCar-firstDjango-","https://api.github.com/repos/BorissowT/JazzCar-firstDjango-/{archive_format}{/ref}","0"
"AkashDhiman/django-app","https://api.github.com/repos/AkashDhiman/django-app/{archive_format}{/ref}","0"
"stevencdang/AutoML-DS-Components","https://api.github.com/repos/stevencdang/AutoML-DS-Components/{archive_format}{/ref}","0"
"NarkomDe/wagtail-database-dump","https://api.github.com/repos/NarkomDe/wagtail-database-dump/{archive_format}{/ref}","0"
"MichalSkr/django_app","https://api.github.com/repos/MichalSkr/django_app/{archive_format}{/ref}","0"
"nab5m/connectoon-backend","https://api.github.com/repos/nab5m/connectoon-backend/{archive_format}{/ref}","0"
"kotbegemot1/dj_training_project_learning_log","https://api.github.com/repos/kotbegemot1/dj_training_project_learning_log/{archive_format}{/ref}","0"
"dopecoder007/covid-backend","https://api.github.com/repos/dopecoder007/covid-backend/{archive_format}{/ref}","0"
"airdy/devopsLabs","https://api.github.com/repos/airdy/devopsLabs/{archive_format}{/ref}","0"
"spozywka/foodie","https://api.github.com/repos/spozywka/foodie/{archive_format}{/ref}","0"
"quocvietCE/BackEnd_Django","https://api.github.com/repos/quocvietCE/BackEnd_Django/{archive_format}{/ref}","0"
"gadia-aayush/AayushGadia_Submission","https://api.github.com/repos/gadia-aayush/AayushGadia_Submission/{archive_format}{/ref}","0"
"jukemal/Question-Bank","https://api.github.com/repos/jukemal/Question-Bank/{archive_format}{/ref}","0"
"phanendra3/WebResumeReader","https://api.github.com/repos/phanendra3/WebResumeReader/{archive_format}{/ref}","0"
"yvzkr/to-do-list","https://api.github.com/repos/yvzkr/to-do-list/{archive_format}{/ref}","0"
"pankajagrawaltw/Django-code-sample","https://api.github.com/repos/pankajagrawaltw/Django-code-sample/{archive_format}{/ref}","0"
"SamantaSouza357/backSport","https://api.github.com/repos/SamantaSouza357/backSport/{archive_format}{/ref}","0"
"Usernamehaha2018/Acountbook-Django","https://api.github.com/repos/Usernamehaha2018/Acountbook-Django/{archive_format}{/ref}","0"
"brianminsk/PY230-django","https://api.github.com/repos/brianminsk/PY230-django/{archive_format}{/ref}","0"
"shankarmahato/Cricket_app","https://api.github.com/repos/shankarmahato/Cricket_app/{archive_format}{/ref}","0"
"MikeKerkhove/BonjourLaBiere","https://api.github.com/repos/MikeKerkhove/BonjourLaBiere/{archive_format}{/ref}","0"
"rtgfd157/eComm","https://api.github.com/repos/rtgfd157/eComm/{archive_format}{/ref}","0"
"spollard/Plim","https://api.github.com/repos/spollard/Plim/{archive_format}{/ref}","0"
"ddallabenetta/tdoc","https://api.github.com/repos/ddallabenetta/tdoc/{archive_format}{/ref}","0"
"No-OnE-Kn0wS-Me/Filter-Bot","https://api.github.com/repos/No-OnE-Kn0wS-Me/Filter-Bot/{archive_format}{/ref}","0"
"DCAN-Labs/bids-tryworks","https://api.github.com/repos/DCAN-Labs/bids-tryworks/{archive_format}{/ref}","0"
"Robert-J-Schelling/react-flask","https://api.github.com/repos/Robert-J-Schelling/react-flask/{archive_format}{/ref}","0"
"vsgobbi/pycdbinvest","https://api.github.com/repos/vsgobbi/pycdbinvest/{archive_format}{/ref}","0"
"kiprotichdominic/Django-Blog","https://api.github.com/repos/kiprotichdominic/Django-Blog/{archive_format}{/ref}","0"
"saketh-26/IPLCricketAnalysis-GUI","https://api.github.com/repos/saketh-26/IPLCricketAnalysis-GUI/{archive_format}{/ref}","0"
"jihoon99/Airbnb-clone","https://api.github.com/repos/jihoon99/Airbnb-clone/{archive_format}{/ref}","0"
"WSY-123/CourseDiscussion_1","https://api.github.com/repos/WSY-123/CourseDiscussion_1/{archive_format}{/ref}","0"
"tsepa0/backend-django","https://api.github.com/repos/tsepa0/backend-django/{archive_format}{/ref}","0"
"Eucaa/historebay","https://api.github.com/repos/Eucaa/historebay/{archive_format}{/ref}","0"
"charlie881007/nccu-course-select-helper","https://api.github.com/repos/charlie881007/nccu-course-select-helper/{archive_format}{/ref}","0"
"thisizkp/django-blog","https://api.github.com/repos/thisizkp/django-blog/{archive_format}{/ref}","0"
"davidmaxdmao/teste2020","https://api.github.com/repos/davidmaxdmao/teste2020/{archive_format}{/ref}","0"
"nhanpotter/iRead_server","https://api.github.com/repos/nhanpotter/iRead_server/{archive_format}{/ref}","0"
"haiku-m/my-first-blog","https://api.github.com/repos/haiku-m/my-first-blog/{archive_format}{/ref}","0"
"DemiMarieD/Similar_Item_Recommendations","https://api.github.com/repos/DemiMarieD/Similar_Item_Recommendations/{archive_format}{/ref}","0"
"azhimeblog/blogfeed","https://api.github.com/repos/azhimeblog/blogfeed/{archive_format}{/ref}","0"
"heaths2/project","https://api.github.com/repos/heaths2/project/{archive_format}{/ref}","0"
"barto14753/prymus-django","https://api.github.com/repos/barto14753/prymus-django/{archive_format}{/ref}","0"
"redmundnacario/django-projects","https://api.github.com/repos/redmundnacario/django-projects/{archive_format}{/ref}","0"
"Joks84/assignmentHR","https://api.github.com/repos/Joks84/assignmentHR/{archive_format}{/ref}","0"
"Ahmed121221/DC-Monitor.web","https://api.github.com/repos/Ahmed121221/DC-Monitor.web/{archive_format}{/ref}","0"
"nam-vo/django-blog-addons","https://api.github.com/repos/nam-vo/django-blog-addons/{archive_format}{/ref}","0"
"marckeelingiv/MasteringDjango","https://api.github.com/repos/marckeelingiv/MasteringDjango/{archive_format}{/ref}","0"
"stikbomb/pokemons_map","https://api.github.com/repos/stikbomb/pokemons_map/{archive_format}{/ref}","0"
"hussamhadi/wilmademunnik","https://api.github.com/repos/hussamhadi/wilmademunnik/{archive_format}{/ref}","0"
"momentum-cohort-2020-01/django-multiple-choice-xxblincolnxx","https://api.github.com/repos/momentum-cohort-2020-01/django-multiple-choice-xxblincolnxx/{archive_format}{/ref}","0"
"jeancarlov/react-tracks","https://api.github.com/repos/jeancarlov/react-tracks/{archive_format}{/ref}","0"
"shishirk2801/ASL","https://api.github.com/repos/shishirk2801/ASL/{archive_format}{/ref}","0"
"noobyogi/Status_Tracker_Backend","https://api.github.com/repos/noobyogi/Status_Tracker_Backend/{archive_format}{/ref}","0"
"hujingguang/ArcherySql","https://api.github.com/repos/hujingguang/ArcherySql/{archive_format}{/ref}","0"
"leroyg/traversy_django_dev_deploy_btre","https://api.github.com/repos/leroyg/traversy_django_dev_deploy_btre/{archive_format}{/ref}","0"
"MagicUmom/heroku_aiagame","https://api.github.com/repos/MagicUmom/heroku_aiagame/{archive_format}{/ref}","0"
"ParikshitGonte/Project-Management","https://api.github.com/repos/ParikshitGonte/Project-Management/{archive_format}{/ref}","0"
"JSinkler713/Oh-git-","https://api.github.com/repos/JSinkler713/Oh-git-/{archive_format}{/ref}","0"
"Najaaz/craigslist","https://api.github.com/repos/Najaaz/craigslist/{archive_format}{/ref}","0"
"Yurec24/laba-7","https://api.github.com/repos/Yurec24/laba-7/{archive_format}{/ref}","0"
"iamvarunnair/daphne_20200403","https://api.github.com/repos/iamvarunnair/daphne_20200403/{archive_format}{/ref}","0"
"tssovi/youtube_info_scraper","https://api.github.com/repos/tssovi/youtube_info_scraper/{archive_format}{/ref}","0"
"mkaychuks/django-for-beginners","https://api.github.com/repos/mkaychuks/django-for-beginners/{archive_format}{/ref}","0"
"JohnALong/stat_lock","https://api.github.com/repos/JohnALong/stat_lock/{archive_format}{/ref}","0"
"slug-to-slugger/pokemon-manager","https://api.github.com/repos/slug-to-slugger/pokemon-manager/{archive_format}{/ref}","0"
"Zulqarnain-tech/django-easy-manage","https://api.github.com/repos/Zulqarnain-tech/django-easy-manage/{archive_format}{/ref}","0"
"gk1101/api_first","https://api.github.com/repos/gk1101/api_first/{archive_format}{/ref}","0"
"sharton/univer","https://api.github.com/repos/sharton/univer/{archive_format}{/ref}","0"
"rohanneps/django","https://api.github.com/repos/rohanneps/django/{archive_format}{/ref}","0"
"aswinavofficial/Airbnb-clone","https://api.github.com/repos/aswinavofficial/Airbnb-clone/{archive_format}{/ref}","0"
"JasperMulder/wsd","https://api.github.com/repos/JasperMulder/wsd/{archive_format}{/ref}","0"
"skapin/lol-simulator","https://api.github.com/repos/skapin/lol-simulator/{archive_format}{/ref}","0"
"jalexanderbryant/nifa-demo","https://api.github.com/repos/jalexanderbryant/nifa-demo/{archive_format}{/ref}","0"
"sberryman/inctivity","https://api.github.com/repos/sberryman/inctivity/{archive_format}{/ref}","0"
"lsantosdemoura/users_posts-API","https://api.github.com/repos/lsantosdemoura/users_posts-API/{archive_format}{/ref}","0"
"ErnestoPena/Game-Of-Life.-Python","https://api.github.com/repos/ErnestoPena/Game-Of-Life.-Python/{archive_format}{/ref}","0"
"lunacircle4/ggachi-backend","https://api.github.com/repos/lunacircle4/ggachi-backend/{archive_format}{/ref}","0"
"shimst3r/blobvault","https://api.github.com/repos/shimst3r/blobvault/{archive_format}{/ref}","0"
"AChelyadinskiy/KODE_backend_task","https://api.github.com/repos/AChelyadinskiy/KODE_backend_task/{archive_format}{/ref}","0"
"namanvats/convintask","https://api.github.com/repos/namanvats/convintask/{archive_format}{/ref}","0"
"Praful-a/Profiles_api","https://api.github.com/repos/Praful-a/Profiles_api/{archive_format}{/ref}","0"
"ZhaohuaSong/Neusoft-Operations","https://api.github.com/repos/ZhaohuaSong/Neusoft-Operations/{archive_format}{/ref}","0"
"EduardoStomper/django_local_library","https://api.github.com/repos/EduardoStomper/django_local_library/{archive_format}{/ref}","0"
"crowdbotics-apps/detect-parkinsons-15331","https://api.github.com/repos/crowdbotics-apps/detect-parkinsons-15331/{archive_format}{/ref}","0"
"Lesiantus/ciston","https://api.github.com/repos/Lesiantus/ciston/{archive_format}{/ref}","0"
"radzhome/django_sso_service","https://api.github.com/repos/radzhome/django_sso_service/{archive_format}{/ref}","0"
"Shivamgera/redisclone","https://api.github.com/repos/Shivamgera/redisclone/{archive_format}{/ref}","0"
"Shelestov7/mi_trainee_task","https://api.github.com/repos/Shelestov7/mi_trainee_task/{archive_format}{/ref}","0"
"danish-wani/lets_chat","https://api.github.com/repos/danish-wani/lets_chat/{archive_format}{/ref}","0"
"tarynlandersen/wishlist","https://api.github.com/repos/tarynlandersen/wishlist/{archive_format}{/ref}","0"
"alyssariah/clothing-store-backend","https://api.github.com/repos/alyssariah/clothing-store-backend/{archive_format}{/ref}","0"
"akihiro-hosoya/django-blog","https://api.github.com/repos/akihiro-hosoya/django-blog/{archive_format}{/ref}","0"
"yuriy-puris/PROFILES-REST-API","https://api.github.com/repos/yuriy-puris/PROFILES-REST-API/{archive_format}{/ref}","0"
"Ax3Effect/mb-test","https://api.github.com/repos/Ax3Effect/mb-test/{archive_format}{/ref}","0"
"MrFryProjects/LearningDjango","https://api.github.com/repos/MrFryProjects/LearningDjango/{archive_format}{/ref}","0"
"SonalBairwa/django-react","https://api.github.com/repos/SonalBairwa/django-react/{archive_format}{/ref}","0"
"wryfi/burl","https://api.github.com/repos/wryfi/burl/{archive_format}{/ref}","0"
"Pmeet-searce/django-saml2-idp-demo","https://api.github.com/repos/Pmeet-searce/django-saml2-idp-demo/{archive_format}{/ref}","0"
"momentum-morehouse/python-object-oriented-money-bettinacjohnson","https://api.github.com/repos/momentum-morehouse/python-object-oriented-money-bettinacjohnson/{archive_format}{/ref}","0"
"isakson98/Auxillary-Trading-Application","https://api.github.com/repos/isakson98/Auxillary-Trading-Application/{archive_format}{/ref}","0"
"AndreiSukharev/shopaids","https://api.github.com/repos/AndreiSukharev/shopaids/{archive_format}{/ref}","0"
"vukihai/unisec-chatbot","https://api.github.com/repos/vukihai/unisec-chatbot/{archive_format}{/ref}","0"
"ninesinc/detectron2","https://api.github.com/repos/ninesinc/detectron2/{archive_format}{/ref}","0"
"njsuriya/Number","https://api.github.com/repos/njsuriya/Number/{archive_format}{/ref}","0"
"ilyana19/django-customUser-tutorial","https://api.github.com/repos/ilyana19/django-customUser-tutorial/{archive_format}{/ref}","0"
"martingaldeca/EUIVManagementBackend","https://api.github.com/repos/martingaldeca/EUIVManagementBackend/{archive_format}{/ref}","0"
"infosrabah/django-bootstrap-forms-1.4.4-November-2019","https://api.github.com/repos/infosrabah/django-bootstrap-forms-1.4.4-November-2019/{archive_format}{/ref}","0"
"arabindamahato/Bookmark-Manager","https://api.github.com/repos/arabindamahato/Bookmark-Manager/{archive_format}{/ref}","0"
"parthsingh615/new-face-mask-covid-19","https://api.github.com/repos/parthsingh615/new-face-mask-covid-19/{archive_format}{/ref}","0"
"cubeguerrero/docker-django-and-postgresql","https://api.github.com/repos/cubeguerrero/docker-django-and-postgresql/{archive_format}{/ref}","0"
"AshishKumar32/Eve","https://api.github.com/repos/AshishKumar32/Eve/{archive_format}{/ref}","0"
"Brooke9537/gitwebhook","https://api.github.com/repos/Brooke9537/gitwebhook/{archive_format}{/ref}","0"
"aryangupta1/mywebsite","https://api.github.com/repos/aryangupta1/mywebsite/{archive_format}{/ref}","0"
"bak3d/udemy_project","https://api.github.com/repos/bak3d/udemy_project/{archive_format}{/ref}","0"
"rgarciadominguez/PRUEBA","https://api.github.com/repos/rgarciadominguez/PRUEBA/{archive_format}{/ref}","0"
"DocstringFr/tableau_de_bord","https://api.github.com/repos/DocstringFr/tableau_de_bord/{archive_format}{/ref}","0"
"lennysamz/InstaLenz","https://api.github.com/repos/lennysamz/InstaLenz/{archive_format}{/ref}","0"
"mmonzo-eb/django-todolist","https://api.github.com/repos/mmonzo-eb/django-todolist/{archive_format}{/ref}","0"
"John-5014/InstaClone","https://api.github.com/repos/John-5014/InstaClone/{archive_format}{/ref}","0"
"Dandothkar/django","https://api.github.com/repos/Dandothkar/django/{archive_format}{/ref}","0"
"jiangxinbiao/MyFirstProject-Django-restframewok-Vue-","https://api.github.com/repos/jiangxinbiao/MyFirstProject-Django-restframewok-Vue-/{archive_format}{/ref}","0"
"diegoquintanav/joint","https://api.github.com/repos/diegoquintanav/joint/{archive_format}{/ref}","0"
"nmaravante/Scheduler","https://api.github.com/repos/nmaravante/Scheduler/{archive_format}{/ref}","0"
"pzbroch/warsztaty_rest_api","https://api.github.com/repos/pzbroch/warsztaty_rest_api/{archive_format}{/ref}","0"
"LuCiFer3097/djangofilter","https://api.github.com/repos/LuCiFer3097/djangofilter/{archive_format}{/ref}","0"
"lucasbrendel/farmer","https://api.github.com/repos/lucasbrendel/farmer/{archive_format}{/ref}","0"
"ngrobert/udacity","https://api.github.com/repos/ngrobert/udacity/{archive_format}{/ref}","0"
"Tanish0019/EzPzML","https://api.github.com/repos/Tanish0019/EzPzML/{archive_format}{/ref}","0"
"georgescubogdan/DMDW","https://api.github.com/repos/georgescubogdan/DMDW/{archive_format}{/ref}","0"
"bluauto/BLU_TEST_AUTO-1c1cbdd3-ba39-4ce4-b3af-f734cc60abf3","https://api.github.com/repos/bluauto/BLU_TEST_AUTO-1c1cbdd3-ba39-4ce4-b3af-f734cc60abf3/{archive_format}{/ref}","0"
"MisterTea/LandsharkGame","https://api.github.com/repos/MisterTea/LandsharkGame/{archive_format}{/ref}","0"
"infoamit/online-quiz","https://api.github.com/repos/infoamit/online-quiz/{archive_format}{/ref}","0"
"rafaeloliverone/tasks-to-do","https://api.github.com/repos/rafaeloliverone/tasks-to-do/{archive_format}{/ref}","0"
"nowakkamil/loan-prognosticator","https://api.github.com/repos/nowakkamil/loan-prognosticator/{archive_format}{/ref}","0"
"venushong667/RegexApp","https://api.github.com/repos/venushong667/RegexApp/{archive_format}{/ref}","0"
"leviathan88/movie_reviews_sentiment","https://api.github.com/repos/leviathan88/movie_reviews_sentiment/{archive_format}{/ref}","0"
"jesieOldenburg/library_app_django","https://api.github.com/repos/jesieOldenburg/library_app_django/{archive_format}{/ref}","0"
"Paulcappaert/channels_tutorial","https://api.github.com/repos/Paulcappaert/channels_tutorial/{archive_format}{/ref}","0"
"BIMCV-CSUSP/qc_questionary","https://api.github.com/repos/BIMCV-CSUSP/qc_questionary/{archive_format}{/ref}","0"
"Babanaitor/covid","https://api.github.com/repos/Babanaitor/covid/{archive_format}{/ref}","0"
"inova-tecnologias/mxG-ADSync","https://api.github.com/repos/inova-tecnologias/mxG-ADSync/{archive_format}{/ref}","0"
"pacomunuera/mb","https://api.github.com/repos/pacomunuera/mb/{archive_format}{/ref}","0"
"simontuttle/django-boards","https://api.github.com/repos/simontuttle/django-boards/{archive_format}{/ref}","0"
"Chadius/harvard-medical-school-django-demo","https://api.github.com/repos/Chadius/harvard-medical-school-django-demo/{archive_format}{/ref}","0"
"cenkce/zappa-playground","https://api.github.com/repos/cenkce/zappa-playground/{archive_format}{/ref}","0"
"ronnyiscoding/learning-django","https://api.github.com/repos/ronnyiscoding/learning-django/{archive_format}{/ref}","0"
"1Yasmin/LabEnrutamiento","https://api.github.com/repos/1Yasmin/LabEnrutamiento/{archive_format}{/ref}","0"
"OzNetNerd/github-actions-demo","https://api.github.com/repos/OzNetNerd/github-actions-demo/{archive_format}{/ref}","0"
"tristanhcole/URLShortener","https://api.github.com/repos/tristanhcole/URLShortener/{archive_format}{/ref}","0"
"ephes/django_vue_test","https://api.github.com/repos/ephes/django_vue_test/{archive_format}{/ref}","0"
"SashaSocenko/FedShopFish","https://api.github.com/repos/SashaSocenko/FedShopFish/{archive_format}{/ref}","0"
"ApolinarSanchez/FSND","https://api.github.com/repos/ApolinarSanchez/FSND/{archive_format}{/ref}","0"
"shan18/SBHS-Vlabs","https://api.github.com/repos/shan18/SBHS-Vlabs/{archive_format}{/ref}","0"
"YasirHasn9/sprint-python","https://api.github.com/repos/YasirHasn9/sprint-python/{archive_format}{/ref}","0"
"leigholiver/lamblog","https://api.github.com/repos/leigholiver/lamblog/{archive_format}{/ref}","0"
"wutianshu/video","https://api.github.com/repos/wutianshu/video/{archive_format}{/ref}","0"
"TheurgicDuke771/udacityFullstack","https://api.github.com/repos/TheurgicDuke771/udacityFullstack/{archive_format}{/ref}","0"
"EunhaTaker/Switch","https://api.github.com/repos/EunhaTaker/Switch/{archive_format}{/ref}","0"
"jdevenish/GA-DJANGO-REST-API-MINI-PROJECT","https://api.github.com/repos/jdevenish/GA-DJANGO-REST-API-MINI-PROJECT/{archive_format}{/ref}","0"
"njgarrido/burguers","https://api.github.com/repos/njgarrido/burguers/{archive_format}{/ref}","0"
"Njeha-wa-Migwi/Blog","https://api.github.com/repos/Njeha-wa-Migwi/Blog/{archive_format}{/ref}","0"
"petrturek/profiles-rest-api","https://api.github.com/repos/petrturek/profiles-rest-api/{archive_format}{/ref}","0"
"tacorrea/tarea_taller1","https://api.github.com/repos/tacorrea/tarea_taller1/{archive_format}{/ref}","0"
"ChashchinDmitriy/HomeworkDjango","https://api.github.com/repos/ChashchinDmitriy/HomeworkDjango/{archive_format}{/ref}","0"
"cyanidesayonara/dop3pod","https://api.github.com/repos/cyanidesayonara/dop3pod/{archive_format}{/ref}","0"
"cedar997/draw","https://api.github.com/repos/cedar997/draw/{archive_format}{/ref}","0"
"ChyngyzOsmonov/santo_bot","https://api.github.com/repos/ChyngyzOsmonov/santo_bot/{archive_format}{/ref}","0"
"bwarren2/django-vue-playground","https://api.github.com/repos/bwarren2/django-vue-playground/{archive_format}{/ref}","0"
"stathis-alexander/www.alexanderstathis.com","https://api.github.com/repos/stathis-alexander/www.alexanderstathis.com/{archive_format}{/ref}","0"
"rootcanopy/1st-django","https://api.github.com/repos/rootcanopy/1st-django/{archive_format}{/ref}","0"
"prasanna-hexaware/Jan2019","https://api.github.com/repos/prasanna-hexaware/Jan2019/{archive_format}{/ref}","0"
"gauravkantrod/Django_Backend_User_Authentication-","https://api.github.com/repos/gauravkantrod/Django_Backend_User_Authentication-/{archive_format}{/ref}","0"
"lrodri14/DjangoPro","https://api.github.com/repos/lrodri14/DjangoPro/{archive_format}{/ref}","0"
"FranciscoJavierMartin/Django-backend-api","https://api.github.com/repos/FranciscoJavierMartin/Django-backend-api/{archive_format}{/ref}","0"
"korpog/complex","https://api.github.com/repos/korpog/complex/{archive_format}{/ref}","0"
"ParkJS09/drf_quiz_test","https://api.github.com/repos/ParkJS09/drf_quiz_test/{archive_format}{/ref}","0"
"wichit2s/django_app","https://api.github.com/repos/wichit2s/django_app/{archive_format}{/ref}","0"
"uniqueomokenny/eHealth4Africa-task","https://api.github.com/repos/uniqueomokenny/eHealth4Africa-task/{archive_format}{/ref}","0"
"treinaweb/treinaweb-implementando-autenticacao-padrao-django","https://api.github.com/repos/treinaweb/treinaweb-implementando-autenticacao-padrao-django/{archive_format}{/ref}","0"
"syabana2/Django-RestAPI-Beginner","https://api.github.com/repos/syabana2/Django-RestAPI-Beginner/{archive_format}{/ref}","0"
"sodreamon/django_search_engine","https://api.github.com/repos/sodreamon/django_search_engine/{archive_format}{/ref}","0"
"pakam2/git_intro","https://api.github.com/repos/pakam2/git_intro/{archive_format}{/ref}","0"
"jungss98/heroku_sample","https://api.github.com/repos/jungss98/heroku_sample/{archive_format}{/ref}","0"
"agustinustheo/pyluv","https://api.github.com/repos/agustinustheo/pyluv/{archive_format}{/ref}","0"
"vjfn1990/bar_project","https://api.github.com/repos/vjfn1990/bar_project/{archive_format}{/ref}","0"
"pocaffeison/nomadgram","https://api.github.com/repos/pocaffeison/nomadgram/{archive_format}{/ref}","0"
"sampita/library_management","https://api.github.com/repos/sampita/library_management/{archive_format}{/ref}","0"
"DennissimOS/platform_external_autotest","https://api.github.com/repos/DennissimOS/platform_external_autotest/{archive_format}{/ref}","0"
"Ryujiyasu/django","https://api.github.com/repos/Ryujiyasu/django/{archive_format}{/ref}","0"
"ggjersund/django-quantified-self","https://api.github.com/repos/ggjersund/django-quantified-self/{archive_format}{/ref}","0"
"pangpifuta/react-ui-project","https://api.github.com/repos/pangpifuta/react-ui-project/{archive_format}{/ref}","0"
"arifsetiawan/learn-django","https://api.github.com/repos/arifsetiawan/learn-django/{archive_format}{/ref}","0"
"lagupa/react-django-integration","https://api.github.com/repos/lagupa/react-django-integration/{archive_format}{/ref}","0"
"dashdoc/dashdoc-fullstack-interview","https://api.github.com/repos/dashdoc/dashdoc-fullstack-interview/{archive_format}{/ref}","0"
"ryantao403/cs510-project","https://api.github.com/repos/ryantao403/cs510-project/{archive_format}{/ref}","0"
"umair-cd/mission","https://api.github.com/repos/umair-cd/mission/{archive_format}{/ref}","0"
"ahmedrarga/AutoEncoderRecommenderSystem","https://api.github.com/repos/ahmedrarga/AutoEncoderRecommenderSystem/{archive_format}{/ref}","0"
"khamdamoff/python-aria-mirror-bot2","https://api.github.com/repos/khamdamoff/python-aria-mirror-bot2/{archive_format}{/ref}","0"
